[{"ori_id": 0, "text": "storage_furniture", "objs": ["original-4", "original-18", "original-8", "original-9", "original-7", "original-6", "original-3", "original-12", "original-11", "original-16", "original-15", "original-22", "original-21", "original-36", "original-5", "original-19", "original-13", "original-20", "original-17", "original-2", "original-23", "original-31", "original-33", "original-35", "original-34", "original-25", "original-27", "original-29", "original-28"], "name": "storage_furniture", "id": 0, "children": [{"ori_id": 1, "text": "cabinet", "objs": ["original-4", "original-18", "original-8", "original-9", "original-7", "original-6", "original-3", "original-12", "original-11", "original-16", "original-15", "original-22", "original-21", "original-36", "original-5", "original-19", "original-13", "original-20", "original-17", "original-2", "original-23", "original-31", "original-33", "original-35", "original-34", "original-25", "original-27", "original-29", "original-28"], "name": "cabinet", "id": 1, "children": [{"ori_id": 2, "text": "cabinet_frame", "objs": ["original-4", "original-18", "original-8", "original-9", "original-7", "original-6", "original-3", "original-12", "original-11", "original-16", "original-15", "original-22", "original-21", "original-36", "original-5"], "name": "cabinet_frame", "id": 2, "children": [{"ori_id": 22, "text": "frame_vertical_bar", "objs": ["original-4"], "name": "frame_vertical_bar", "id": 3}, {"ori_id": 23, "text": "frame_vertical_bar", "objs": ["original-18"], "name": "frame_vertical_bar", "id": 4}, {"ori_id": 24, "text": "frame_vertical_bar", "objs": ["original-8"], "name": "frame_vertical_bar", "id": 5}, {"ori_id": 25, "text": "frame_horizontal_bar", "objs": ["original-9"], "name": "frame_horizontal_bar", "id": 6}, {"ori_id": 26, "text": "frame_horizontal_bar", "objs": ["original-7"], "name": "frame_horizontal_bar", "id": 7}, {"ori_id": 29, "text": "back_panel", "objs": ["original-6"], "name": "back_panel", "id": 8}, {"ori_id": 30, "text": "bottom_panel", "objs": ["original-3"], "name": "bottom_panel", "id": 9}, {"ori_id": 31, "text": "vertical_side_panel", "objs": ["original-12", "original-11"], "name": "vertical_side_panel", "id": 10}, {"ori_id": 32, "text": "vertical_side_panel", "objs": ["original-16", "original-15"], "name": "vertical_side_panel", "id": 11}, {"ori_id": 33, "text": "frame_horizontal_bar", "objs": ["original-22"], "name": "frame_horizontal_bar", "id": 12}, {"ori_id": 34, "text": "frame_horizontal_bar", "objs": ["original-21"], "name": "frame_horizontal_bar", "id": 13}, {"ori_id": 38, "text": "frame_horizontal_bar", "objs": ["original-5"], "name": "frame_horizontal_bar", "id": 14}]}, {"ori_id": 3, "text": "cabinet_base", "objs": ["original-19", "original-13", "original-20", "original-17"], "name": "cabinet_base", "id": 15, "children": [{"ori_id": 12, "text": "panel_base", "objs": ["original-19", "original-13", "original-20", "original-17"], "name": "panel_base", "id": 16, "children": [{"ori_id": 13, "text": "base_side_panel", "objs": ["original-19"], "name": "base_side_panel", "id": 17}, {"ori_id": 14, "text": "base_side_panel", "objs": ["original-13"], "name": "base_side_panel", "id": 18}, {"ori_id": 15, "text": "base_side_panel", "objs": ["original-20"], "name": "base_side_panel", "id": 19}, {"ori_id": 16, "text": "base_side_panel", "objs": ["original-17"], "name": "base_side_panel", "id": 20}]}]}, {"ori_id": 4, "text": "shelf", "objs": ["original-2"], "name": "shelf", "id": 21}, {"ori_id": 5, "text": "shelf", "objs": ["original-23"], "name": "shelf", "id": 22}, {"ori_id": 6, "text": "cabinet_door", "objs": ["original-31", "original-33", "original-35", "original-34"], "name": "cabinet_door", "id": 23, "children": [{"ori_id": 10, "text": "cabinet_door_surface", "objs": ["original-31"], "name": "cabinet_door_surface", "id": 24}, {"ori_id": 11, "text": "handle", "objs": ["original-33", "original-35", "original-34"], "name": "handle", "id": 25}]}, {"ori_id": 7, "text": "cabinet_door", "objs": ["original-25", "original-27", "original-29", "original-28"], "name": "cabinet_door", "id": 26, "children": [{"ori_id": 8, "text": "cabinet_door_surface", "objs": ["original-25"], "name": "cabinet_door_surface", "id": 27}, {"ori_id": 9, "text": "handle", "objs": ["original-27", "original-29", "original-28"], "name": "handle", "id": 28}]}]}]}]