[{"id":0,"parent":2,"joint":"hinge","name":"cabinet_door","parts":[{"id":8,"name":"cabinet_door_surface","children":[]},{"id":9,"name":"handle","children":[]}],"jointData":{"axis":{"origin":[0.646305488550088,0.6707149744033813,0.4367456519129983],"direction":[0,1,0]},"limit":{"a":0,"b":90.72,"noLimit":false}}},{"id":1,"parent":2,"joint":"hinge","name":"cabinet_door","parts":[{"id":6,"name":"cabinet_door_surface","children":[]},{"id":7,"name":"handle","children":[]}],"jointData":{"axis":{"origin":[-0.6158288327231765,-0.3939580023288727,0.4353039942218538],"direction":[0,-1,0]},"limit":{"a":0,"b":90.72,"noLimit":false}}},{"id":2,"parent":-1,"joint":"heavy","name":"cabinet_frame","parts":[{"id":15,"name":"vertical_side_panel","children":[]},{"id":16,"name":"vertical_side_panel","children":[]},{"id":17,"name":"back_panel","children":[]},{"id":18,"name":"bottom_panel","children":[]},{"id":19,"name":"frame_vertical_bar","children":[]},{"id":20,"name":"frame_vertical_bar","children":[]},{"id":21,"name":"frame_vertical_bar","children":[]},{"id":22,"name":"frame_horizontal_bar","children":[]},{"id":23,"name":"frame_horizontal_bar","children":[]},{"id":24,"name":"frame_horizontal_bar","children":[]},{"id":32,"name":"other_leaf","children":[]},{"id":31,"name":"other_leaf","children":[]},{"id":30,"name":"other_leaf","children":[]},{"id":29,"name":"other_leaf","children":[]},{"id":33,"name":"frame_vertical_bar","children":[]},{"id":34,"name":"frame_vertical_bar","children":[]},{"id":36,"name":"other_leaf","children":[]},{"id":11,"name":"base_side_panel","children":[]},{"id":12,"name":"base_side_panel","children":[]},{"id":13,"name":"base_side_panel","children":[]},{"id":14,"name":"base_side_panel","children":[]}],"jointData":{}}]