[{"text": "storage_furniture", "children": [{"text": "cabinet", "children": [{"text": "cabinet_frame", "children": [{"name": "vertical_side_panel", "ori_id": 15, "id": 3, "text": "vertical_side_panel", "objs": ["original-9"]}, {"name": "vertical_side_panel", "ori_id": 16, "id": 4, "text": "vertical_side_panel", "objs": ["original-21"]}, {"name": "back_panel", "ori_id": 17, "id": 5, "text": "back_panel", "objs": ["original-16"]}, {"name": "bottom_panel", "ori_id": 18, "id": 6, "text": "bottom_panel", "objs": ["original-12"]}, {"name": "frame_vertical_bar", "ori_id": 19, "id": 7, "text": "frame_vertical_bar", "objs": ["original-2"]}, {"name": "frame_vertical_bar", "ori_id": 20, "id": 8, "text": "frame_vertical_bar", "objs": ["original-4"]}, {"name": "frame_vertical_bar", "ori_id": 21, "id": 9, "text": "frame_vertical_bar", "objs": ["original-6"]}, {"name": "frame_horizontal_bar", "ori_id": 22, "id": 10, "text": "frame_horizontal_bar", "objs": ["original-15"]}, {"name": "frame_horizontal_bar", "ori_id": 23, "id": 11, "text": "frame_horizontal_bar", "objs": ["original-5"]}, {"name": "frame_horizontal_bar", "ori_id": 24, "id": 12, "text": "frame_horizontal_bar", "objs": ["original-3"]}, {"name": "frame_vertical_bar", "ori_id": 33, "id": 13, "text": "frame_vertical_bar", "objs": ["original-20"]}, {"name": "frame_vertical_bar", "ori_id": 34, "id": 14, "text": "frame_vertical_bar", "objs": ["original-8"]}], "name": "cabinet_frame", "ori_id": 2, "id": 2, "objs": ["original-9", "original-21", "original-16", "original-12", "original-2", "original-4", "original-6", "original-15", "original-5", "original-3", "original-13", "original-17", "original-23", "original-14", "original-20", "original-8", "original-36"]}, {"text": "cabinet_base", "children": [{"text": "panel_base", "children": [{"name": "base_side_panel", "ori_id": 11, "id": 17, "text": "base_side_panel", "objs": ["original-22"]}, {"name": "base_side_panel", "ori_id": 12, "id": 18, "text": "base_side_panel", "objs": ["original-18"]}, {"name": "base_side_panel", "ori_id": 13, "id": 19, "text": "base_side_panel", "objs": ["original-10"]}, {"name": "base_side_panel", "ori_id": 14, "id": 20, "text": "base_side_panel", "objs": ["original-11"]}], "name": "panel_base", "ori_id": 10, "id": 16, "objs": ["original-22", "original-18", "original-10", "original-11"]}], "name": "cabinet_base", "ori_id": 3, "id": 15, "objs": ["original-22", "original-18", "original-10", "original-11"]}, {"text": "cabinet_door", "children": [{"name": "cabinet_door_surface", "ori_id": 8, "id": 22, "text": "cabinet_door_surface", "objs": ["original-31"]}, {"name": "handle", "ori_id": 9, "id": 23, "text": "handle", "objs": ["original-35", "original-33", "original-34"]}], "name": "cabinet_door", "ori_id": 4, "id": 21, "objs": ["original-31", "original-35", "original-33", "original-34"]}, {"text": "cabinet_door", "children": [{"name": "cabinet_door_surface", "ori_id": 6, "id": 25, "text": "cabinet_door_surface", "objs": ["original-25"]}, {"name": "handle", "ori_id": 7, "id": 26, "text": "handle", "objs": ["original-27", "original-28", "original-29"]}], "name": "cabinet_door", "ori_id": 5, "id": 24, "objs": ["original-25", "original-27", "original-28", "original-29"]}], "name": "cabinet", "ori_id": 1, "id": 1, "objs": ["original-9", "original-21", "original-16", "original-12", "original-2", "original-4", "original-6", "original-15", "original-5", "original-3", "original-13", "original-17", "original-23", "original-14", "original-20", "original-8", "original-36", "original-22", "original-18", "original-10", "original-11", "original-31", "original-35", "original-33", "original-34", "original-25", "original-27", "original-28", "original-29"]}], "name": "storage_furniture", "ori_id": 0, "id": 0, "objs": ["original-9", "original-21", "original-16", "original-12", "original-2", "original-4", "original-6", "original-15", "original-5", "original-3", "original-13", "original-17", "original-23", "original-14", "original-20", "original-8", "original-36", "original-22", "original-18", "original-10", "original-11", "original-31", "original-35", "original-33", "original-34", "original-25", "original-27", "original-28", "original-29"]}]