[{"text": "Storage Furniture", "children": [{"text": "Cabinet", "children": [{"text": "Cabinet frame", "children": [{"text": "Vertical side panel", "objs": ["original-9"], "id": 15, "name": "vertical_side_panel"}, {"text": "Vertical side panel", "objs": ["original-21"], "id": 16, "name": "vertical_side_panel"}, {"text": "Back panel", "objs": ["original-16"], "id": 17, "name": "back_panel"}, {"text": "Bottom panel", "objs": ["original-12"], "id": 18, "name": "bottom_panel"}, {"text": "Vertical support bar", "objs": ["original-2"], "id": 19, "name": "frame_vertical_bar"}, {"text": "Vertical support bar", "objs": ["original-4"], "id": 20, "name": "frame_vertical_bar"}, {"text": "Vertical support bar", "objs": ["original-6"], "id": 21, "name": "frame_vertical_bar"}, {"text": "Horizontal support bar", "objs": ["original-15"], "id": 22, "name": "frame_horizontal_bar"}, {"text": "Horizontal support bar", "objs": ["original-5"], "id": 23, "name": "frame_horizontal_bar"}, {"text": "Horizontal support bar", "objs": ["original-3"], "id": 24, "name": "frame_horizontal_bar"}, {"text": "Connector (other)", "children": [{"text": "other_leaf", "objs": ["original-13"], "id": 32, "name": "other_leaf"}], "id": 25, "name": "other"}, {"text": "Connector (other)", "children": [{"text": "other_leaf", "objs": ["original-17"], "id": 31, "name": "other_leaf"}], "id": 26, "name": "other"}, {"text": "Connector (other)", "children": [{"text": "other_leaf", "objs": ["original-23"], "id": 30, "name": "other_leaf"}], "id": 27, "name": "other"}, {"text": "Connector (other)", "conf_score": "5", "children": [{"text": "other_leaf", "objs": ["original-14"], "id": 29, "name": "other_leaf"}], "id": 28, "name": "other"}, {"text": "Vertical support bar", "objs": ["original-20"], "id": 33, "name": "frame_vertical_bar"}, {"text": "Vertical support bar", "objs": ["original-8"], "id": 34, "name": "frame_vertical_bar"}, {"name": "other", "text": "rectangle (other)", "children": [{"objs": ["original-36"], "name": "other_leaf", "text": "other_leaf", "id": 36, "conf_score": "3", "low_conf_reason": "\u81ea\u5df1\u6807\u6ce8"}], "conf_score": "3", "id": 35, "low_conf_reason": "\u81ea\u5df1\u6807\u6ce8"}], "id": 2, "name": "cabinet_frame"}, {"text": "Cabinet Base", "children": [{"text": "Panel Base", "children": [{"text": "Base side panel", "objs": ["original-22"], "id": 11, "name": "base_side_panel"}, {"text": "Base side panel", "objs": ["original-18"], "id": 12, "name": "base_side_panel"}, {"text": "Base side panel", "objs": ["original-10"], "id": 13, "name": "base_side_panel"}, {"text": "Base side panel", "objs": ["original-11"], "id": 14, "name": "base_side_panel"}], "id": 10, "name": "panel_base"}], "id": 3, "name": "cabinet_base"}, {"text": "Cabinet door", "children": [{"text": "Cabinet door surface", "objs": ["original-31"], "id": 8, "name": "cabinet_door_surface"}, {"text": "Handle", "objs": ["original-35", "original-33", "original-34"], "id": 9, "name": "handle"}], "id": 4, "name": "cabinet_door"}, {"text": "Cabinet door", "children": [{"text": "Cabinet door surface", "objs": ["original-25"], "id": 6, "name": "cabinet_door_surface"}, {"text": "Handle", "objs": ["original-27", "original-28", "original-29"], "id": 7, "name": "handle"}], "id": 5, "name": "cabinet_door"}], "id": 1, "name": "cabinet"}], "id": 0, "name": "storage_furniture"}]