[{"id":0,"parent":2,"joint":"hinge","name":"cabinet_door","parts":[{"id":10,"name":"cabinet_door_surface","children":[]},{"id":11,"name":"handle","children":[]}],"jointData":{"axis":{"origin":[0.6312006468037903,0.6197400093078613,0.44144099978298945],"direction":[0,1,0]},"limit":{"a":0,"b":95.76,"noLimit":false}}},{"id":1,"parent":2,"joint":"hinge","name":"cabinet_door","parts":[{"id":8,"name":"cabinet_door_surface","children":[]},{"id":9,"name":"handle","children":[]}],"jointData":{"axis":{"origin":[-0.6567929858354381,-0.46972298622131325,0.43827930275944454],"direction":[0,-1,0]},"limit":{"a":0,"b":95.76,"noLimit":false}}},{"id":2,"parent":-1,"joint":"heavy","name":"shelf","parts":[{"id":4,"name":"shelf","children":[]},{"id":5,"name":"shelf","children":[]},{"id":17,"name":"vertical_side_panel","children":[]},{"id":18,"name":"vertical_side_panel","children":[]},{"id":19,"name":"back_panel","children":[]},{"id":20,"name":"bottom_panel","children":[]},{"id":21,"name":"frame_vertical_bar","children":[]},{"id":22,"name":"frame_vertical_bar","children":[]},{"id":23,"name":"frame_vertical_bar","children":[]},{"id":24,"name":"frame_horizontal_bar","children":[]},{"id":25,"name":"frame_horizontal_bar","children":[]},{"id":26,"name":"frame_horizontal_bar","children":[]},{"id":27,"name":"frame_horizontal_bar","children":[]},{"id":29,"name":"other_leaf","children":[]},{"id":13,"name":"base_side_panel","children":[]},{"id":14,"name":"base_side_panel","children":[]},{"id":15,"name":"base_side_panel","children":[]},{"id":16,"name":"base_side_panel","children":[]}],"jointData":{}}]