[{"ori_id": 0, "children": [{"ori_id": 1, "children": [{"ori_id": 2, "children": [{"id": 3, "name": "vertical_side_panel", "ori_id": 17, "objs": ["original-16", "original-15"], "text": "vertical_side_panel"}, {"id": 4, "name": "vertical_side_panel", "ori_id": 18, "objs": ["original-12", "original-11"], "text": "vertical_side_panel"}, {"id": 5, "name": "back_panel", "ori_id": 19, "objs": ["original-6", "original-5"], "text": "back_panel"}, {"id": 6, "name": "bottom_panel", "ori_id": 20, "objs": ["original-3"], "text": "bottom_panel"}, {"id": 7, "name": "frame_vertical_bar", "ori_id": 21, "objs": ["original-4"], "text": "frame_vertical_bar"}, {"id": 8, "name": "frame_vertical_bar", "ori_id": 22, "objs": ["original-18"], "text": "frame_vertical_bar"}, {"id": 9, "name": "frame_vertical_bar", "ori_id": 23, "objs": ["original-8"], "text": "frame_vertical_bar"}, {"id": 10, "name": "frame_horizontal_bar", "ori_id": 24, "objs": ["original-22"], "text": "frame_horizontal_bar"}, {"id": 11, "name": "frame_horizontal_bar", "ori_id": 25, "objs": ["original-21"], "text": "frame_horizontal_bar"}, {"id": 12, "name": "frame_horizontal_bar", "ori_id": 26, "objs": ["original-9"], "text": "frame_horizontal_bar"}, {"id": 13, "name": "frame_horizontal_bar", "ori_id": 27, "objs": ["original-7"], "text": "frame_horizontal_bar"}], "id": 2, "name": "cabinet_frame", "objs": ["original-16", "original-15", "original-12", "original-11", "original-6", "original-5", "original-3", "original-4", "original-18", "original-8", "original-22", "original-21", "original-9", "original-7", "original-36"], "text": "cabinet_frame"}, {"ori_id": 3, "children": [{"ori_id": 12, "children": [{"id": 16, "name": "base_side_panel", "ori_id": 13, "objs": ["original-13"], "text": "base_side_panel"}, {"id": 17, "name": "base_side_panel", "ori_id": 14, "objs": ["original-19"], "text": "base_side_panel"}, {"id": 18, "name": "base_side_panel", "ori_id": 15, "objs": ["original-17"], "text": "base_side_panel"}, {"id": 19, "name": "base_side_panel", "ori_id": 16, "objs": ["original-20"], "text": "base_side_panel"}], "id": 15, "name": "panel_base", "objs": ["original-13", "original-19", "original-17", "original-20"], "text": "panel_base"}], "id": 14, "name": "cabinet_base", "objs": ["original-13", "original-19", "original-17", "original-20"], "text": "cabinet_base"}, {"id": 20, "name": "shelf", "ori_id": 4, "objs": ["original-23"], "text": "shelf"}, {"id": 21, "name": "shelf", "ori_id": 5, "objs": ["original-2"], "text": "shelf"}, {"ori_id": 6, "children": [{"id": 23, "name": "cabinet_door_surface", "ori_id": 10, "objs": ["original-35"], "text": "cabinet_door_surface"}, {"id": 24, "name": "handle", "ori_id": 11, "objs": ["original-32", "original-33", "original-34"], "text": "handle"}], "id": 22, "name": "cabinet_door", "objs": ["original-35", "original-32", "original-33", "original-34"], "text": "cabinet_door"}, {"ori_id": 7, "children": [{"id": 26, "name": "cabinet_door_surface", "ori_id": 8, "objs": ["original-29"], "text": "cabinet_door_surface"}, {"id": 27, "name": "handle", "ori_id": 9, "objs": ["original-26", "original-27", "original-28"], "text": "handle"}], "id": 25, "name": "cabinet_door", "objs": ["original-29", "original-26", "original-27", "original-28"], "text": "cabinet_door"}], "id": 1, "name": "cabinet", "objs": ["original-16", "original-15", "original-12", "original-11", "original-6", "original-5", "original-3", "original-4", "original-18", "original-8", "original-22", "original-21", "original-9", "original-7", "original-36", "original-13", "original-19", "original-17", "original-20", "original-23", "original-2", "original-35", "original-32", "original-33", "original-34", "original-29", "original-26", "original-27", "original-28"], "text": "cabinet"}], "id": 0, "name": "storage_furniture", "objs": ["original-16", "original-15", "original-12", "original-11", "original-6", "original-5", "original-3", "original-4", "original-18", "original-8", "original-22", "original-21", "original-9", "original-7", "original-36", "original-13", "original-19", "original-17", "original-20", "original-23", "original-2", "original-35", "original-32", "original-33", "original-34", "original-29", "original-26", "original-27", "original-28"], "text": "storage_furniture"}]