[{"text": "Storage Furniture", "children": [{"text": "Cabinet", "children": [{"text": "Cabinet frame", "children": [{"text": "Vertical side panel", "objs": ["original-16", "original-15"], "id": 17, "name": "vertical_side_panel"}, {"text": "Vertical side panel", "objs": ["original-12", "original-11"], "id": 18, "name": "vertical_side_panel"}, {"text": "Back panel", "objs": ["original-6", "original-5"], "id": 19, "name": "back_panel"}, {"text": "Bottom panel", "objs": ["original-3"], "id": 20, "name": "bottom_panel"}, {"text": "Vertical support bar", "objs": ["original-4"], "id": 21, "name": "frame_vertical_bar"}, {"text": "Vertical support bar", "objs": ["original-18"], "id": 22, "name": "frame_vertical_bar"}, {"text": "Vertical support bar", "objs": ["original-8"], "id": 23, "name": "frame_vertical_bar"}, {"text": "Horizontal support bar", "objs": ["original-22"], "id": 24, "name": "frame_horizontal_bar"}, {"text": "Horizontal support bar", "objs": ["original-21"], "id": 25, "name": "frame_horizontal_bar"}, {"text": "Horizontal support bar", "objs": ["original-9"], "id": 26, "name": "frame_horizontal_bar"}, {"text": "Horizontal support bar", "objs": ["original-7"], "id": 27, "name": "frame_horizontal_bar"}, {"name": "other", "text": "rectangle (other)", "children": [{"objs": ["original-36"], "name": "other_leaf", "text": "other_leaf", "id": 29, "conf_score": "3", "low_conf_reason": "\u81ea\u5df1\u6807\u6ce8"}], "conf_score": "3", "id": 28, "low_conf_reason": "\u81ea\u5df1\u6807\u6ce8"}], "id": 2, "name": "cabinet_frame"}, {"text": "Cabinet Base", "children": [{"text": "Panel Base", "children": [{"text": "Base side panel", "objs": ["original-13"], "id": 13, "name": "base_side_panel"}, {"text": "Base side panel", "objs": ["original-19"], "id": 14, "name": "base_side_panel"}, {"text": "Base side panel", "objs": ["original-17"], "id": 15, "name": "base_side_panel"}, {"text": "Base side panel", "objs": ["original-20"], "id": 16, "name": "base_side_panel"}], "id": 12, "name": "panel_base"}], "id": 3, "name": "cabinet_base"}, {"text": "Shelf", "objs": ["original-23"], "id": 4, "name": "shelf"}, {"text": "Shelf", "objs": ["original-2"], "id": 5, "name": "shelf"}, {"text": "Cabinet door", "children": [{"text": "Cabinet door surface", "objs": ["original-35"], "id": 10, "name": "cabinet_door_surface"}, {"text": "Handle", "objs": ["original-32", "original-33", "original-34"], "id": 11, "name": "handle"}], "id": 6, "name": "cabinet_door"}, {"text": "Cabinet door", "children": [{"text": "Cabinet door surface", "objs": ["original-29"], "id": 8, "name": "cabinet_door_surface"}, {"text": "Handle", "objs": ["original-26", "original-27", "original-28"], "id": 9, "name": "handle"}], "id": 7, "name": "cabinet_door"}], "id": 1, "name": "cabinet"}], "id": 0, "name": "storage_furniture"}]