[{"id":0,"parent":2,"joint":"hinge","name":"door","parts":[{"id":10,"name":"door_frame","children":[]},{"id":11,"name":"handle","children":[]}],"jointData":{"axis":{"origin":[0.31494556799530987,0,0.27021547079086305],"direction":[0,1,0]},"limit":{"a":0,"b":180,"noLimit":false}}},{"id":1,"parent":2,"joint":"hinge","name":"door","parts":[{"id":13,"name":"door_frame","children":[]},{"id":14,"name":"handle","children":[]}],"jointData":{"axis":{"origin":[0.3084289085206536,0.9348190000000001,0.26709179782210213],"direction":[0,-1,0]},"limit":{"a":0,"b":-180,"noLimit":false}}},{"id":2,"parent":-1,"joint":"heavy","name":"frame","parts":[{"id":8,"name":"frame","children":[]},{"id":4,"name":"foot","children":[]},{"id":5,"name":"foot","children":[]},{"id":6,"name":"foot","children":[]},{"id":7,"name":"foot","children":[]}],"jointData":{}}]