[{"text": "Refrigerator", "children": [{"text": "Body", "children": [{"text": "Frame", "objs": ["new-4"], "id": 8, "name": "frame"}, {"text": "Door", "children": [{"text": "Door Frame", "objs": ["new-2", "new-5"], "id": 10, "name": "door_frame"}, {"text": "Handle", "objs": ["new-0"], "id": 11, "name": "handle"}], "id": 9, "name": "door"}, {"text": "Door", "children": [{"text": "Door Frame", "objs": ["new-3"], "id": 13, "name": "door_frame"}, {"text": "Handle", "objs": ["new-1"], "id": 14, "name": "handle"}], "id": 12, "name": "door"}], "id": 1, "name": "body"}, {"text": "Base", "children": [{"text": "Foot Base", "children": [{"text": "Foot", "objs": ["original-7", "original-6"], "id": 4, "name": "foot"}, {"text": "Foot", "objs": ["original-9", "original-10"], "id": 5, "name": "foot"}, {"text": "Foot", "objs": ["original-13", "original-12"], "id": 6, "name": "foot"}, {"text": "Foot", "objs": ["original-3", "original-4"], "id": 7, "name": "foot"}], "id": 3, "name": "foot_base"}], "id": 2, "name": "base"}], "id": 0, "name": "refrigerator"}]