[{"name": "refrigerator", "id": 0, "children": [{"name": "body", "id": 1, "children": [{"id": 2, "objs": ["new-4"], "text": "frame", "name": "frame", "ori_id": 8}, {"name": "door", "id": 3, "children": [{"id": 4, "objs": ["new-2", "new-5"], "text": "door_frame", "name": "door_frame", "ori_id": 10}, {"id": 5, "objs": ["new-0"], "text": "handle", "name": "handle", "ori_id": 11}], "text": "door", "objs": ["new-2", "new-5", "new-0"], "ori_id": 9}, {"name": "door", "id": 6, "children": [{"id": 7, "objs": ["new-3"], "text": "door_frame", "name": "door_frame", "ori_id": 13}, {"id": 8, "objs": ["new-1"], "text": "handle", "name": "handle", "ori_id": 14}], "text": "door", "objs": ["new-3", "new-1"], "ori_id": 12}], "text": "body", "objs": ["new-4", "new-2", "new-5", "new-0", "new-3", "new-1"], "ori_id": 1}, {"name": "base", "id": 9, "children": [{"name": "foot_base", "id": 10, "children": [{"id": 11, "objs": ["original-7", "original-6"], "text": "foot", "name": "foot", "ori_id": 4}, {"id": 12, "objs": ["original-9", "original-10"], "text": "foot", "name": "foot", "ori_id": 5}, {"id": 13, "objs": ["original-13", "original-12"], "text": "foot", "name": "foot", "ori_id": 6}, {"id": 14, "objs": ["original-3", "original-4"], "text": "foot", "name": "foot", "ori_id": 7}], "text": "foot_base", "objs": ["original-7", "original-6", "original-9", "original-10", "original-13", "original-12", "original-3", "original-4"], "ori_id": 3}], "text": "base", "objs": ["original-7", "original-6", "original-9", "original-10", "original-13", "original-12", "original-3", "original-4"], "ori_id": 2}], "text": "refrigerator", "objs": ["new-4", "new-2", "new-5", "new-0", "new-3", "new-1", "original-7", "original-6", "original-9", "original-10", "original-13", "original-12", "original-3", "original-4"], "ori_id": 0}]